"image","xmin","ymin","xmax","ymax","label"
"00001IMG_00001.jpg",1426.3865532309326,1703.918672206038,1894.7796610169494,2424.9491525423728,"A"
"00001IMG_00002.jpg",1304.677966101695,866.7118644067797,1710.3728813559321,1700.2305928893009,"A"
"00001IMG_00003.jpg",1492.7728250794491,1239.2136437367585,1961.1662142478813,1976.8406216896187,"A"